Stanton,Hills,casper@pollichnolan.net,1-977-881-9515 x5488,2016-12-15
Kenneth,Gleichner,arianna@fahey.info,(903) 122-6047 x74693,2016-12-01
Claud,Parisian,loy_von@block.info,544.925.2665 x577,2016-07-13
Russell,Kautzer,sydnie_runte@wintheiser.co,427-328-8653,2016-12-06
Myrtice,Effertz,collin_klocko@romaguera.biz,734-172-3421 x9779,2017-05-10
Rafael Jordan,Garcia,rj@gmail.com,123456789,1992-10-15
Baron,Bailey,jackie_harvey@grantbarrows.net,(754) 597-6140 x974,2016-07-24
Adaline,Balistreri,jewell_zboncak@mertz.net,(757) 733-3828,2016-07-25
Loraine,Volkman,lue_beier@hansenstokes.net,(189) 998-7637,2016-06-16
Cielo,Quitzon,marge@reilly.name,(304) 495-4382 x851,2016-09-13
Trever,Johnston,jose@padberg.org,500-356-6243 x2096,2017-03-01
Reanna,Crona,earl@kiehngrimes.co,(272) 304-6559,2016-08-26
Nicholas,Gutkowski,floyd_mccullough@okeefe.io,479-314-8312 x27179,2016-07-27
Elwyn,Kulas,ivory@gutmann.co,251-474-8782 x855,2016-06-27
Juvenal,Brekke,delta.jast@cremin.com,(500) 401-9751 x48497,2017-01-23
